{"cameraMode":{"drawMode":0,"name":"Shaded","section":"Shading Mode"},"sceneLighting":false,"audioPlay":false,"sceneViewState":{"showFog":true,"showMaterialUpdate":false,"showSkybox":false,"showFlares":true,"showImageEffects":true,"showParticleSystems":true},"in2DMode":false,"pivot":{"x":-6.801137447357178,"y":4.2225117683410648,"z":-8.34933090209961},"rotation":{"x":-0.00299846357665956,"y":0.02849593758583069,"z":0.00008570736099500209,"w":0.9995890259742737},"size":10.0,"orthographic":true}