{"cameraMode":{"drawMode":0,"name":"Shaded","section":"Shading Mode"},"sceneLighting":false,"audioPlay":false,"sceneViewState":{"showFog":true,"showMaterialUpdate":false,"showSkybox":false,"showFlares":true,"showImageEffects":true,"showParticleSystems":true},"in2DMode":false,"pivot":{"x":-3.383657455444336,"y":5.899806976318359,"z":-0.12000167369842529},"rotation":{"x":0.034487538039684299,"y":-0.018886128440499307,"z":0.0006510330131277442,"w":0.9992327690124512},"size":2.3658816814422609,"orthographic":true}