{"cameraMode":{"drawMode":0,"name":"Shaded","section":"Shading Mode"},"sceneLighting":false,"audioPlay":false,"sceneViewState":{"showFog":true,"showMaterialUpdate":false,"showSkybox":false,"showFlares":true,"showImageEffects":true,"showParticleSystems":true},"in2DMode":false,"pivot":{"x":-6.801137447357178,"y":4.2225117683410648,"z":-8.34933090209961},"rotation":{"x":0.004499884322285652,"y":0.0021020250860601665,"z":-0.000009766546099854168,"w":0.999984085559845},"size":10.0,"orthographic":true}