{"cameraMode":{"drawMode":0,"name":"Shaded","section":"Shading Mode"},"sceneLighting":false,"audioPlay":false,"sceneViewState":{"showFog":true,"showMaterialUpdate":false,"showSkybox":false,"showFlares":true,"showImageEffects":true,"showParticleSystems":true},"in2DMode":false,"pivot":{"x":12.800000190734864,"y":3.9700000286102297,"z":0.46285882592201235},"rotation":{"x":-0.00299846357665956,"y":0.02849593758583069,"z":0.00008570736099500209,"w":0.9995890259742737},"size":1.6672430038452149,"orthographic":true}