{"cameraMode":{"drawMode":0,"name":"Shaded","section":"Shading Mode"},"sceneLighting":true,"audioPlay":false,"sceneViewState":{"showFog":true,"showMaterialUpdate":false,"showSkybox":true,"showFlares":true,"showImageEffects":true,"showParticleSystems":true},"in2DMode":false,"pivot":{"x":17.950838088989259,"y":4.621584415435791,"z":0.8767308592796326},"rotation":{"x":0.02848249487578869,"y":-0.03148149698972702,"z":0.0008997223922051489,"w":0.9991049766540527},"size":9.276376724243164,"orthographic":true}